id,name,kind,minBalance,maxBalance,color,enabled
checking,Checking,cash,-Infinity,Infinity,#4287f5,true
k401,401(k),investment,-Infinity,Infinity,#2563eb,true
brokerage,Brokerage,investment,-Infinity,Infinity,#16a34a,true
student_loan1_principal,Student Loan 1 (Principal),debt,-Infinity,0,#dc2626,true
student_loan1_interest,Student Loan 1 (Interest),debt,-Infinity,0,#f87171,true
student_loan2_principal,Student Loan 2 (Principal),debt,-Infinity,0,#dc2626,true
student_loan2_interest,Student Loan 2 (Interest),debt,-Infinity,0,#f87171,true
student_loan3_principal,Student Loan 3 (Principal),debt,-Infinity,0,#dc2626,true
student_loan3_interest,Student Loan 3 (Interest),debt,-Infinity,0,#f87171,true
roth_ira,Roth IRA,investment,-Infinity,Infinity,#7c3aed,true
sofi_loan_interest,SoFi Loan (Interest),debt,-Infinity,0,#ef4444,true
sofi_loan_principal,SoFi Loan (Principal),debt,-Infinity,0,#dc2626,true
sallie_mae_principal,Sallie Mae (Principal),debt,-Infinity,0,#dc2626,true
sallie_mae_interest,Sallie Mae (Interest),debt,-Infinity,0,#f87171,true
car_loan_principal,Car Loan (Principal),debt,-Infinity,0,#dc2626,true
car_loan_interest,Car Loan (Interest),debt,-Infinity,0,#f87171,true
prime_card,Prime Visa,debt,-Infinity,0,#0ea5e9,true
ultimate_card,Sapphire Preferred,debt,-Infinity,0,#8b5cf6,true
rsu,RSU (Unvested),investment,-Infinity,Infinity,#f59e0b,false
rsu_vested,RSU (Vested),investment,-Infinity,Infinity,#d97706,true
