id,name,sourceAccountId,destinations,amount,frequency,annualRate,annualGrowthRate,volatility,startDate,endDate,annualCap,priority,enabled
salary,Salary,,gross_pay,"{""resolver"":""expression"",""config"":{""expression"":""10845.51""},""inputs"":{}}",monthly,0,0,0,2026-05-29,,,1,true
salary_401k,401(k) Contribution,gross_pay,k401,"{""resolver"":""expression"",""config"":{""expression"":""gross_pay * 0.04""},""inputs"":{""gross_pay"":{""source"":""provider"",""provider"":""account-balance"",""arguments"":{""id"":""gross_pay""}}}}",monthly,0,0,0,2026-05-29,,23000,2,true
salary_401k_match,401(k) Employer Match,,k401,"{""resolver"":""expression"",""config"":{""expression"":""salary_401k * 0.5""},""inputs"":{""salary_401k"":{""source"":""provider"",""provider"":""model-value"",""arguments"":{""id"":""salary_401k""}}}}",monthly,0,0,0,2026-05-29,,,3,true
housing,Housing,checking,,"{""resolver"":""expression"",""config"":{""expression"":""3200""},""inputs"":{}}",monthly,0,0,0,2026-05-01,,,4,true
living,Living,checking,,"{""resolver"":""expression"",""config"":{""expression"":""2400""},""inputs"":{}}",monthly,0,0,0,2026-05-15,,,5,true
student_loan1_interest_charge,Student Loan 1 Interest,student_loan1_interest,,"{""resolver"":""expression"",""config"":{""expression"":""abs(student_loan1_principal) * rate""},""inputs"":{""student_loan1_principal"":{""source"":""provider"",""provider"":""model-value"",""arguments"":{""id"":""student_loan1_principal""}},""rate"":{""source"":""provider"",""provider"":""occurrence-rate"",""arguments"":{}}}}",monthly,0.03,0,0,2026-04-20,2026-06-22,,6,true
student_loan2_interest_charge,Student Loan 2 Interest,student_loan2_interest,,"{""resolver"":""expression"",""config"":{""expression"":""abs(student_loan2_principal) * rate""},""inputs"":{""student_loan2_principal"":{""source"":""provider"",""provider"":""model-value"",""arguments"":{""id"":""student_loan2_principal""}},""rate"":{""source"":""provider"",""provider"":""occurrence-rate"",""arguments"":{}}}}",monthly,0.13,0,0,2026-04-21,2026-06-22,,6,true
student_loan3_interest_charge,Student Loan 3 Interest,student_loan3_interest,,"{""resolver"":""expression"",""config"":{""expression"":""abs(student_loan3_principal) * rate""},""inputs"":{""student_loan3_principal"":{""source"":""provider"",""provider"":""model-value"",""arguments"":{""id"":""student_loan3_principal""}},""rate"":{""source"":""provider"",""provider"":""occurrence-rate"",""arguments"":{}}}}",monthly,0.15,0,0,2026-04-22,2026-06-22,,6,true
student_loan1_payment,Student Loan 1 Payment,checking,student_loan1_interest;student_loan1_principal,"{""resolver"":""expression"",""config"":{""expression"":""92""},""inputs"":{}}",monthly,0,0,0,2026-04-20,2026-06-22,,7,true
student_loan2_payment,Student Loan 2 Payment,checking,student_loan2_interest;student_loan2_principal,"{""resolver"":""expression"",""config"":{""expression"":""175""},""inputs"":{}}",monthly,0,0,0,2026-04-21,2026-06-22,,8,true
student_loan3_payment,Student Loan 3 Payment,checking,student_loan3_interest;student_loan3_principal,"{""resolver"":""expression"",""config"":{""expression"":""517""},""inputs"":{}}",monthly,0,0,0,2026-04-22,2026-06-22,,9,true
k401_growth,401(k) Growth,,k401,"{""resolver"":""expression"",""config"":{""expression"":""k401 * rate""},""inputs"":{""k401"":{""source"":""provider"",""provider"":""model-value"",""arguments"":{""id"":""k401""}},""rate"":{""source"":""provider"",""provider"":""occurrence-rate"",""arguments"":{}}}}",monthly,0.07,0,0.15,2026-05-30,,,20,true
brokerage_growth,Brokerage Growth,,brokerage,"{""resolver"":""expression"",""config"":{""expression"":""brokerage * rate""},""inputs"":{""brokerage"":{""source"":""provider"",""provider"":""model-value"",""arguments"":{""id"":""brokerage""}},""rate"":{""source"":""provider"",""provider"":""occurrence-rate"",""arguments"":{}}}}",monthly,0.08,0,0.18,2026-04-28,,,20,true
roth_ira_growth,Roth IRA Growth,,roth_ira,"{""resolver"":""expression"",""config"":{""expression"":""roth_ira * rate""},""inputs"":{""roth_ira"":{""source"":""provider"",""provider"":""model-value"",""arguments"":{""id"":""roth_ira""}},""rate"":{""source"":""provider"",""provider"":""occurrence-rate"",""arguments"":{}}}}",monthly,0.03,0,0,2026-04-28,,,20,true
brokerage_auto,Brokerage Auto,checking,brokerage,"{""resolver"":""expression"",""config"":{""expression"":""salary_net * 0.1""},""inputs"":{""salary_net"":{""source"":""provider"",""provider"":""model-value"",""arguments"":{""id"":""salary_net""}}}}",monthly,0,0,0,2026-04-28,,,21,true
sofi_loan_interest_charge,SoFi Loan Interest,sofi_loan_interest,,"{""resolver"":""expression"",""config"":{""expression"":""abs(sofi_loan_principal) * rate""},""inputs"":{""sofi_loan_principal"":{""source"":""provider"",""provider"":""model-value"",""arguments"":{""id"":""sofi_loan_principal""}},""rate"":{""source"":""provider"",""provider"":""occurrence-rate"",""arguments"":{}}}}",monthly,0.0475,0,0,2026-07-13,,,6,true
sofi_loan_payment,SoFi Loan Payment,checking,sofi_loan_interest;sofi_loan_principal,"{""resolver"":""expression"",""config"":{""expression"":""711.12""},""inputs"":{}}",monthly,0,0,0,2026-07-13,,,7,true
sallie_mae_interest_charge,Sallie Mae Interest,sallie_mae_interest,,"{""resolver"":""expression"",""config"":{""expression"":""abs(sallie_mae_principal) * rate""},""inputs"":{""sallie_mae_principal"":{""source"":""provider"",""provider"":""model-value"",""arguments"":{""id"":""sallie_mae_principal""}},""rate"":{""source"":""provider"",""provider"":""occurrence-rate"",""arguments"":{}}}}",monthly,0.0399,0,0,2026-07-13,,,6,true
sallie_mae_payment,Sallie Mae Payment,checking,sallie_mae_interest;sallie_mae_principal,"{""resolver"":""expression"",""config"":{""expression"":""91.08""},""inputs"":{}}",monthly,0,0,0,2026-07-13,,,7,true
car_loan_interest_charge,Car Loan Interest,car_loan_interest,,"{""resolver"":""expression"",""config"":{""expression"":""abs(car_loan_principal) * rate""},""inputs"":{""car_loan_principal"":{""source"":""provider"",""provider"":""model-value"",""arguments"":{""id"":""car_loan_principal""}},""rate"":{""source"":""provider"",""provider"":""occurrence-rate"",""arguments"":{}}}}",monthly,0.0689,0,0,2026-07-13,,,6,true
car_loan_payment,Car Loan Payment,checking,car_loan_interest;car_loan_principal,"{""resolver"":""expression"",""config"":{""expression"":""403.35""},""inputs"":{}}",monthly,0,0,0,2026-07-13,,,7,true
rsu_vest_1,RSU Vest 1,rsu,rsu_vested,"{""resolver"":""expression"",""config"":{""expression"":""rsu * 0.05""},""inputs"":{""rsu"":{""source"":""provider"",""provider"":""model-value"",""arguments"":{""id"":""rsu""}}}}",monthly,0,0,0,2027-04-06,2027-04-06,,15,true
rsu_vest_2,RSU Vest 2,rsu,rsu_vested,"{""resolver"":""expression"",""config"":{""expression"":""rsu * 15 / 95""},""inputs"":{""rsu"":{""source"":""provider"",""provider"":""model-value"",""arguments"":{""id"":""rsu""}}}}",monthly,0,0,0,2028-04-06,2028-04-06,,15,true
rsu_vest_3,RSU Vest 3,rsu,rsu_vested,"{""resolver"":""expression"",""config"":{""expression"":""rsu * 20 / 80""},""inputs"":{""rsu"":{""source"":""provider"",""provider"":""model-value"",""arguments"":{""id"":""rsu""}}}}",monthly,0,0,0,2028-10-06,2028-10-06,,15,true
rsu_vest_4,RSU Vest 4,rsu,rsu_vested,"{""resolver"":""expression"",""config"":{""expression"":""rsu * 20 / 60""},""inputs"":{""rsu"":{""source"":""provider"",""provider"":""model-value"",""arguments"":{""id"":""rsu""}}}}",monthly,0,0,0,2029-04-06,2029-04-06,,15,true
rsu_vest_5,RSU Vest 5,rsu,rsu_vested,"{""resolver"":""expression"",""config"":{""expression"":""rsu * 20 / 40""},""inputs"":{""rsu"":{""source"":""provider"",""provider"":""model-value"",""arguments"":{""id"":""rsu""}}}}",monthly,0,0,0,2029-10-06,2029-10-06,,15,true
rsu_vest_6,RSU Vest 6,rsu,rsu_vested,"{""resolver"":""expression"",""config"":{""expression"":""rsu * 20 / 20""},""inputs"":{""rsu"":{""source"":""provider"",""provider"":""model-value"",""arguments"":{""id"":""rsu""}}}}",monthly,0,0,0,2030-04-06,2030-04-06,,15,true
rsu_growth,RSU Growth,,rsu,"{""resolver"":""expression"",""config"":{""expression"":""rsu * rate""},""inputs"":{""rsu"":{""source"":""provider"",""provider"":""model-value"",""arguments"":{""id"":""rsu""}},""rate"":{""source"":""provider"",""provider"":""occurrence-rate"",""arguments"":{}}}}",monthly,0.1,0,0.3,2026-04-06,,,20,true
rsu_vested_growth,RSU Vested Growth,,rsu_vested,"{""resolver"":""expression"",""config"":{""expression"":""rsu_vested * rate""},""inputs"":{""rsu_vested"":{""source"":""provider"",""provider"":""model-value"",""arguments"":{""id"":""rsu_vested""}},""rate"":{""source"":""provider"",""provider"":""occurrence-rate"",""arguments"":{}}}}",monthly,0.1,0,0.3,2026-04-06,,,20,true
sapphire_payoff,Sapphire Statement Payoff,checking,ultimate_card,"{""resolver"":""expression"",""config"":{""expression"":""abs(ultimate_card)""},""inputs"":{""ultimate_card"":{""source"":""provider"",""provider"":""account-balance"",""arguments"":{""id"":""ultimate_card""}}}}",monthly,0,0,0,2026-10-31,,,7,true
prime_payoff,Prime Statement Payoff,checking,prime_card,"{""resolver"":""expression"",""config"":{""expression"":""abs(prime_card)""},""inputs"":{""prime_card"":{""source"":""provider"",""provider"":""account-balance"",""arguments"":{""id"":""prime_card""}}}}",monthly,0,0,0,2026-10-31,,,7,true
social_security_tax,Social Security Tax,gross_pay,,"{""resolver"":""expression"",""config"":{""expression"":""637.08""},""inputs"":{}}",monthly,0,0,0,2026-05-29,,,4,true
medicare_tax,Medicare Tax,gross_pay,,"{""resolver"":""expression"",""config"":{""expression"":""149.00""},""inputs"":{}}",monthly,0,0,0,2026-05-29,,,5,true
insurance_premiums,Insurance Premiums,gross_pay,,"{""resolver"":""expression"",""config"":{""expression"":""538.45""},""inputs"":{}}",monthly,0,0,0,2026-05-29,,,6,true
federal_tax,Federal Income Tax,gross_pay,,"{""resolver"":""expression"",""config"":{""expression"":""1427.44""},""inputs"":{}}",monthly,0,0,0,2026-05-29,,,7,true
wa_ltcare,WA LTCare,gross_pay,,"{""resolver"":""expression"",""config"":{""expression"":""62.65""},""inputs"":{}}",monthly,0,0,0,2026-05-29,,,8,true
wa_pfml_family,WA Paid Family Leave,gross_pay,,"{""resolver"":""expression"",""config"":{""expression"":""58.66""},""inputs"":{}}",monthly,0,0,0,2026-05-29,,,9,true
wa_pfml_medical,WA Paid Medical Leave,gross_pay,,"{""resolver"":""expression"",""config"":{""expression"":""28.52""},""inputs"":{}}",monthly,0,0,0,2026-05-29,,,10,true
accident_ins,Accident Insurance,gross_pay,,"{""resolver"":""expression"",""config"":{""expression"":""7.37""},""inputs"":{}}",monthly,0,0,0,2026-05-29,,,11,true
critical_illness,Critical Illness,gross_pay,,"{""resolver"":""expression"",""config"":{""expression"":""2.43""},""inputs"":{}}",monthly,0,0,0,2026-05-29,,,12,true
slifsp,Slifsp,gross_pay,,"{""resolver"":""expression"",""config"":{""expression"":""1.05""},""inputs"":{}}",monthly,0,0,0,2026-05-29,,,13,true
salary_net,Take-Home Pay,gross_pay,checking,"{""resolver"":""expression"",""config"":{""expression"":""abs(gross_pay)""},""inputs"":{""gross_pay"":{""source"":""provider"",""provider"":""account-balance"",""arguments"":{""id"":""gross_pay""}}}}",monthly,0,0,0,2026-05-29,,,20,true
phone,Phone,checking,,"{""resolver"":""expression"",""config"":{""expression"":""50.00""},""inputs"":{}}",monthly,0,0,0,2026-10-01,,,6,true
